timestamp_utc,station,latitude,longitude,year,month,day,hour,temperature_c_derived,wind_speed_ms_derived,solar_irradiance_wm2_derived,electricity_load_kwh_derived,wind_generation_kwh_derived,solar_generation_kwh_derived,renewable_available_kwh_derived,battery_soc_kwh_derived,battery_charge_kwh_derived,battery_discharge_kwh_derived,diesel_generation_kwh_derived,diesel_fuel_litres_derived,data_status,historical_source_period_basis,weather_source_basis,optimization_note
2010-01-01T00:00:00+00:00,Casey,-66.2818,110.5276,2010,1,1,0,-1.935,8.412,96.21,196.208,21.7384,30.0659,51.8043,447.9961,0.0,144.4037,0.0,0.0,prototype_derived,AADC historical monthly series (1993-2016) + source-calibrated hourly disaggregation,AADC monthly indicators / ERA5-compatible prototype inputs; hourly weather values are derived proxies,Battery/diesel dispatch is simulated for PS26061 demonstration
2010-01-01T01:00:00+00:00,Casey,-66.2818,110.5276,2010,1,1,1,-2.437,8.972,8.86,175.0643,29.2211,2.7674,31.9885,297.39,0.0,143.0758,0.0,0.0,prototype_derived,AADC historical monthly series (1993-2016) + source-calibrated hourly disaggregation,AADC monthly indicators / ERA5-compatible prototype inputs; hourly weather values are derived proxies,Battery/diesel dispatch is simulated for PS26061 demonstration
2010-01-01T02:00:00+00:00,Casey,-66.2818,110.5276,2010,1,1,2,-2.396,10.015,0.0,191.1469,47.3522,0.0,47.3522,146.0272,0.0,143.7947,0.0,0.0,prototype_derived,AADC historical monthly series (1993-2016) + source-calibrated hourly disaggregation,AADC monthly indicators / ERA5-compatible prototype inputs; hourly weather values are derived proxies,Battery/diesel dispatch is simulated for PS26061 demonstration
2010-01-01T03:00:00+00:00,Casey,-66.2818,110.5276,2010,1,1,3,-2.64,11.474,0.0,214.058,83.4811,0.0,83.4811,8.5778,0.0,130.5769,0.0,0.0,prototype_derived,AADC historical monthly series (1993-2016) + source-calibrated hourly disaggregation,AADC monthly indicators / ERA5-compatible prototype inputs; hourly weather values are derived proxies,Battery/diesel dispatch is simulated for PS26061 demonstration
2010-01-01T04:00:00+00:00,Casey,-66.2818,110.5276,2010,1,1,4,-1.961,7.682,63.34,167.2835,14.0793,19.7935,33.8728,0.0,0.0,8.1489,125.2618,35.0733,prototype_derived,AADC historical monthly series (1993-2016) + source-calibrated hourly disaggregation,AADC monthly indicators / ERA5-compatible prototype inputs; hourly weather values are derived proxies,Battery/diesel dispatch is simulated for PS26061 demonstration
2010-01-01T05:00:00+00:00,Casey,-66.2818,110.5276,2010,1,1,5,-3.602,10.596,0.0,218.1922,60.1112,0.0,60.1112,0.0,0.0,0.0,158.081,44.2627,prototype_derived,AADC historical monthly series (1993-2016) + source-calibrated hourly disaggregation,AADC monthly indicators / ERA5-compatible prototype inputs; hourly weather values are derived proxies,Battery/diesel dispatch is simulated for PS26061 demonstration
2010-01-01T06:00:00+00:00,Casey,-66.2818,110.5276,2010,1,1,6,-3.708,9.684,8.29,197.035,40.9649,2.5896,43.5545,0.0,0.0,0.0,153.4805,42.9745,prototype_derived,AADC historical monthly series (1993-2016) + source-calibrated hourly disaggregation,AADC monthly indicators / ERA5-compatible prototype inputs; hourly weather values are derived proxies,Battery/diesel dispatch is simulated for PS26061 demonstration
2010-01-01T07:00:00+00:00,Casey,-66.2818,110.5276,2010,1,1,7,-2.632,9.757,0.0,177.6421,42.3144,0.0,42.3144,0.0,0.0,0.0,135.3277,37.8918,prototype_derived,AADC historical monthly series (1993-2016) + source-calibrated hourly disaggregation,AADC monthly indicators / ERA5-compatible prototype inputs; hourly weather values are derived proxies,Battery/diesel dispatch is simulated for PS26061 demonstration
2010-01-01T08:00:00+00:00,Casey,-66.2818,110.5276,2010,1,1,8,-3.475,8.329,105.14,203.192,20.7617,32.8556,53.6173,0.0,0.0,0.0,149.5747,41.8809,prototype_derived,AADC historical monthly series (1993-2016) + source-calibrated hourly disaggregation,AADC monthly indicators / ERA5-compatible prototype inputs; hourly weather values are derived proxies,Battery/diesel dispatch is simulated for PS26061 demonstration
2010-01-01T09:00:00+00:00,Casey,-66.2818,110.5276,2010,1,1,9,-4.265,7.689,10.37,196.01,14.1412,3.2394,17.3806,0.0,0.0,0.0,178.6294,50.0162,prototype_derived,AADC historical monthly series (1993-2016) + source-calibrated hourly disaggregation,AADC monthly indicators / ERA5-compatible prototype inputs; hourly weather values are derived proxies,Battery/diesel dispatch is simulated for PS26061 demonstration
2010-01-01T10:00:00+00:00,Casey,-66.2818,110.5276,2010,1,1,10,-4.852,7.346,31.4,213.643,11.2623,9.8136,21.0759,0.0,0.0,0.0,192.5671,53.9188,prototype_derived,AADC historical monthly series (1993-2016) + source-calibrated hourly disaggregation,AADC monthly indicators / ERA5-compatible prototype inputs; hourly weather values are derived proxies,Battery/diesel dispatch is simulated for PS26061 demonstration
2010-01-01T11:00:00+00:00,Casey,-66.2818,110.5276,2010,1,1,11,-3.321,6.142,5.8,206.853,4.2549,1.8124,6.0673,0.0,0.0,0.0,200.7857,56.22,prototype_derived,AADC historical monthly series (1993-2016) + source-calibrated hourly disaggregation,AADC monthly indicators / ERA5-compatible prototype inputs; hourly weather values are derived proxies,Battery/diesel dispatch is simulated for PS26061 demonstration
2010-01-01T12:00:00+00:00,Casey,-66.2818,110.5276,2010,1,1,12,-2.641,6.788,87.63,188.587,7.4568,27.3837,34.8405,0.0,0.0,0.0,153.7465,43.049,prototype_derived,AADC historical monthly series (1993-2016) + source-calibrated hourly disaggregation,AADC monthly indicators / ERA5-compatible prototype inputs; hourly weather values are derived proxies,Battery/diesel dispatch is simulated for PS26061 demonstration
2010-01-01T13:00:00+00:00,Casey,-66.2818,110.5276,2010,1,1,13,-1.585,6.325,0.0,206.9479,5.0436,0.0,5.0436,0.0,0.0,0.0,201.9043,56.5332,prototype_derived,AADC historical monthly series (1993-2016) + source-calibrated hourly disaggregation,AADC monthly indicators / ERA5-compatible prototype inputs; hourly weather values are derived proxies,Battery/diesel dispatch is simulated for PS26061 demonstration
2010-01-01T14:00:00+00:00,Casey,-66.2818,110.5276,2010,1,1,14,-1.964,7.686,0.0,193.0569,14.1114,0.0,14.1114,0.0,0.0,0.0,178.9455,50.1047,prototype_derived,AADC historical monthly series (1993-2016) + source-calibrated hourly disaggregation,AADC monthly indicators / ERA5-compatible prototype inputs; hourly weather values are derived proxies,Battery/diesel dispatch is simulated for PS26061 demonstration
2010-01-01T15:00:00+00:00,Casey,-66.2818,110.5276,2010,1,1,15,-2.587,7.636,0.0,205.0728,13.6704,0.0,13.6704,0.0,0.0,0.0,191.4024,53.5927,prototype_derived,AADC historical monthly series (1993-2016) + source-calibrated hourly disaggregation,AADC monthly indicators / ERA5-compatible prototype inputs; hourly weather values are derived proxies,Battery/diesel dispatch is simulated for PS26061 demonstration
2010-01-01T16:00:00+00:00,Casey,-66.2818,110.5276,2010,1,1,16,-2.242,7.101,84.72,203.2825,9.4591,26.4742,35.9333,0.0,0.0,0.0,167.3492,46.8578,prototype_derived,AADC historical monthly series (1993-2016) + source-calibrated hourly disaggregation,AADC monthly indicators / ERA5-compatible prototype inputs; hourly weather values are derived proxies,Battery/diesel dispatch is simulated for PS26061 demonstration
2010-01-01T17:00:00+00:00,Casey,-66.2818,110.5276,2010,1,1,17,-0.252,6.352,23.07,198.3762,5.1666,7.2103,12.3769,0.0,0.0,0.0,185.9993,52.0798,prototype_derived,AADC historical monthly series (1993-2016) + source-calibrated hourly disaggregation,AADC monthly indicators / ERA5-compatible prototype inputs; hourly weather values are derived proxies,Battery/diesel dispatch is simulated for PS26061 demonstration
2010-01-01T18:00:00+00:00,Casey,-66.2818,110.5276,2010,1,1,18,-0.925,5.705,0.0,203.5779,2.7151,0.0,2.7151,0.0,0.0,0.0,200.8628,56.2416,prototype_derived,AADC historical monthly series (1993-2016) + source-calibrated hourly disaggregation,AADC monthly indicators / ERA5-compatible prototype inputs; hourly weather values are derived proxies,Battery/diesel dispatch is simulated for PS26061 demonstration
2010-01-01T19:00:00+00:00,Casey,-66.2818,110.5276,2010,1,1,19,-1.276,4.605,25.02,218.7836,0.5672,7.8188,8.386,0.0,0.0,0.0,210.3976,58.9113,prototype_derived,AADC historical monthly series (1993-2016) + source-calibrated hourly disaggregation,AADC monthly indicators / ERA5-compatible prototype inputs; hourly weather values are derived proxies,Battery/diesel dispatch is simulated for PS26061 demonstration
2010-01-01T20:00:00+00:00,Casey,-66.2818,110.5276,2010,1,1,20,-0.141,7.48,67.07,200.936,12.3318,20.9584,33.2902,0.0,0.0,0.0,167.6458,46.9408,prototype_derived,AADC historical monthly series (1993-2016) + source-calibrated hourly disaggregation,AADC monthly indicators / ERA5-compatible prototype inputs; hourly weather values are derived proxies,Battery/diesel dispatch is simulated for PS26061 demonstration
2010-01-01T21:00:00+00:00,Casey,-66.2818,110.5276,2010,1,1,21,-1.334,8.194,0.0,209.2757,19.2241,0.0,19.2241,0.0,0.0,0.0,190.0516,53.2144,prototype_derived,AADC historical monthly series (1993-2016) + source-calibrated hourly disaggregation,AADC monthly indicators / ERA5-compatible prototype inputs; hourly weather values are derived proxies,Battery/diesel dispatch is simulated for PS26061 demonstration
2010-01-01T22:00:00+00:00,Casey,-66.2818,110.5276,2010,1,1,22,-0.934,7.331,4.77,176.0399,11.1465,1.4899,12.6364,0.0,0.0,0.0,163.4035,45.753,prototype_derived,AADC historical monthly series (1993-2016) + source-calibrated hourly disaggregation,AADC monthly indicators / ERA5-compatible prototype inputs; hourly weather values are derived proxies,Battery/diesel dispatch is simulated for PS26061 demonstration
2010-01-01T23:00:00+00:00,Casey,-66.2818,110.5276,2010,1,1,23,-1.217,8.536,0.0,185.876,23.2774,0.0,23.2774,0.0,0.0,0.0,162.5986,45.5276,prototype_derived,AADC historical monthly series (1993-2016) + source-calibrated hourly disaggregation,AADC monthly indicators / ERA5-compatible prototype inputs; hourly weather values are derived proxies,Battery/diesel dispatch is simulated for PS26061 demonstration
2010-01-02T00:00:00+00:00,Casey,-66.2818,110.5276,2010,1,2,0,-1.435,9.585,85.59,170.8653,39.1618,26.7458,65.9076,0.0,0.0,0.0,104.9577,29.3882,prototype_derived,AADC historical monthly series (1993-2016) + source-calibrated hourly disaggregation,AADC monthly indicators / ERA5-compatible prototype inputs; hourly weather values are derived proxies,Battery/diesel dispatch is simulated for PS26061 demonstration
2010-01-02T01:00:00+00:00,Casey,-66.2818,110.5276,2010,1,2,1,-2.197,9.259,0.0,198.9059,33.6303,0.0,33.6303,0.0,0.0,0.0,165.2756,46.2772,prototype_derived,AADC historical monthly series (1993-2016) + source-calibrated hourly disaggregation,AADC monthly indicators / ERA5-compatible prototype inputs; hourly weather values are derived proxies,Battery/diesel dispatch is simulated for PS26061 demonstration
2010-01-02T02:00:00+00:00,Casey,-66.2818,110.5276,2010,1,2,2,-1.365,8.087,0.0,184.9268,18.0601,0.0,18.0601,0.0,0.0,0.0,166.8667,46.7227,prototype_derived,AADC historical monthly series (1993-2016) + source-calibrated hourly disaggregation,AADC monthly indicators / ERA5-compatible prototype inputs; hourly weather values are derived proxies,Battery/diesel dispatch is simulated for PS26061 demonstration
2010-01-02T03:00:00+00:00,Casey,-66.2818,110.5276,2010,1,2,3,-2.037,8.466,18.56,197.8705,22.4054,5.7993,28.2047,0.0,0.0,0.0,169.6658,47.5064,prototype_derived,AADC historical monthly series (1993-2016) + source-calibrated hourly disaggregation,AADC monthly indicators / ERA5-compatible prototype inputs; hourly weather values are derived proxies,Battery/diesel dispatch is simulated for PS26061 demonstration
2010-01-02T04:00:00+00:00,Casey,-66.2818,110.5276,2010,1,2,4,-2.086,11.194,127.84,200.7238,75.4813,39.949,115.4303,0.0,0.0,0.0,85.2935,23.8822,prototype_derived,AADC historical monthly series (1993-2016) + source-calibrated hourly disaggregation,AADC monthly indicators / ERA5-compatible prototype inputs; hourly weather values are derived proxies,Battery/diesel dispatch is simulated for PS26061 demonstration
2010-01-02T05:00:00+00:00,Casey,-66.2818,110.5276,2010,1,2,5,-2.672,9.919,36.19,202.6606,45.4305,11.3103,56.7408,0.0,0.0,0.0,145.9198,40.8575,prototype_derived,AADC historical monthly series (1993-2016) + source-calibrated hourly disaggregation,AADC monthly indicators / ERA5-compatible prototype inputs; hourly weather values are derived proxies,Battery/diesel dispatch is simulated for PS26061 demonstration
2010-01-02T06:00:00+00:00,Casey,-66.2818,110.5276,2010,1,2,6,-2.743,10.498,6.68,185.1257,57.8258,2.0875,59.9133,0.0,0.0,0.0,125.2124,35.0595,prototype_derived,AADC historical monthly series (1993-2016) + source-calibrated hourly disaggregation,AADC monthly indicators / ERA5-compatible prototype inputs; hourly weather values are derived proxies,Battery/diesel dispatch is simulated for PS26061 demonstration
2010-01-02T07:00:00+00:00,Casey,-66.2818,110.5276,2010,1,2,7,-3.083,8.042,0.0,216.6064,17.5777,0.0,17.5777,0.0,0.0,0.0,199.0287,55.728,prototype_derived,AADC historical monthly series (1993-2016) + source-calibrated hourly disaggregation,AADC monthly indicators / ERA5-compatible prototype inputs; hourly weather values are derived proxies,Battery/diesel dispatch is simulated for PS26061 demonstration
2010-01-02T08:00:00+00:00,Casey,-66.2818,110.5276,2010,1,2,8,-2.192,8.189,92.26,207.2124,19.1619,28.8303,47.9922,0.0,0.0,0.0,159.2202,44.5817,prototype_derived,AADC historical monthly series (1993-2016) + source-calibrated hourly disaggregation,AADC monthly indicators / ERA5-compatible prototype inputs; hourly weather values are derived proxies,Battery/diesel dispatch is simulated for PS26061 demonstration
2010-01-02T09:00:00+00:00,Casey,-66.2818,110.5276,2010,1,2,9,-2.776,9.23,16.17,234.2832,33.1625,5.0542,38.2167,0.0,0.0,0.0,196.0665,54.8986,prototype_derived,AADC historical monthly series (1993-2016) + source-calibrated hourly disaggregation,AADC monthly indicators / ERA5-compatible prototype inputs; hourly weather values are derived proxies,Battery/diesel dispatch is simulated for PS26061 demonstration
2010-01-02T10:00:00+00:00,Casey,-66.2818,110.5276,2010,1,2,10,-3.739,9.25,0.0,210.5832,33.4969,0.0,33.4969,0.0,0.0,0.0,177.0863,49.5842,prototype_derived,AADC historical monthly series (1993-2016) + source-calibrated hourly disaggregation,AADC monthly indicators / ERA5-compatible prototype inputs; hourly weather values are derived proxies,Battery/diesel dispatch is simulated for PS26061 demonstration
2010-01-02T11:00:00+00:00,Casey,-66.2818,110.5276,2010,1,2,11,-1.627,5.682,5.02,215.6673,2.647,1.5695,4.2165,0.0,0.0,0.0,211.4508,59.2062,prototype_derived,AADC historical monthly series (1993-2016) + source-calibrated hourly disaggregation,AADC monthly indicators / ERA5-compatible prototype inputs; hourly weather values are derived proxies,Battery/diesel dispatch is simulated for PS26061 demonstration
2010-01-02T12:00:00+00:00,Casey,-66.2818,110.5276,2010,1,2,12,-2.187,6.845,114.63,217.5124,7.7963,35.8223,43.6186,0.0,0.0,0.0,173.8938,48.6903,prototype_derived,AADC historical monthly series (1993-2016) + source-calibrated hourly disaggregation,AADC monthly indicators / ERA5-compatible prototype inputs; hourly weather values are derived proxies,Battery/diesel dispatch is simulated for PS26061 demonstration
2010-01-02T13:00:00+00:00,Casey,-66.2818,110.5276,2010,1,2,13,-1.662,6.384,0.0,190.5237,5.317,0.0,5.317,0.0,0.0,0.0,185.2067,51.8579,prototype_derived,AADC historical monthly series (1993-2016) + source-calibrated hourly disaggregation,AADC monthly indicators / ERA5-compatible prototype inputs; hourly weather values are derived proxies,Battery/diesel dispatch is simulated for PS26061 demonstration
2010-01-02T14:00:00+00:00,Casey,-66.2818,110.5276,2010,1,2,14,-1.355,5.924,0.0,169.0625,3.4292,0.0,3.4292,0.0,0.0,0.0,165.6333,46.3773,prototype_derived,AADC historical monthly series (1993-2016) + source-calibrated hourly disaggregation,AADC monthly indicators / ERA5-compatible prototype inputs; hourly weather values are derived proxies,Battery/diesel dispatch is simulated for PS26061 demonstration
2010-01-02T15:00:00+00:00,Casey,-66.2818,110.5276,2010,1,2,15,-2.06,6.254,30.4,194.9274,4.7264,9.5002,14.2266,0.0,0.0,0.0,180.7008,50.5962,prototype_derived,AADC historical monthly series (1993-2016) + source-calibrated hourly disaggregation,AADC monthly indicators / ERA5-compatible prototype inputs; hourly weather values are derived proxies,Battery/diesel dispatch is simulated for PS26061 demonstration
2010-01-02T16:00:00+00:00,Casey,-66.2818,110.5276,2010,1,2,16,-2.262,6.207,89.07,223.8488,4.5245,27.8337,32.3582,0.0,0.0,0.0,191.4906,53.6174,prototype_derived,AADC historical monthly series (1993-2016) + source-calibrated hourly disaggregation,AADC monthly indicators / ERA5-compatible prototype inputs; hourly weather values are derived proxies,Battery/diesel dispatch is simulated for PS26061 demonstration
2010-01-02T17:00:00+00:00,Casey,-66.2818,110.5276,2010,1,2,17,-0.758,6.261,34.71,183.0335,4.7576,10.8456,15.6032,0.0,0.0,0.0,167.4303,46.8805,prototype_derived,AADC historical monthly series (1993-2016) + source-calibrated hourly disaggregation,AADC monthly indicators / ERA5-compatible prototype inputs; hourly weather values are derived proxies,Battery/diesel dispatch is simulated for PS26061 demonstration
2010-01-02T18:00:00+00:00,Casey,-66.2818,110.5276,2010,1,2,18,-1.105,5.125,23.71,214.2789,1.316,7.4092,8.7252,0.0,0.0,0.0,205.5537,57.555,prototype_derived,AADC historical monthly series (1993-2016) + source-calibrated hourly disaggregation,AADC monthly indicators / ERA5-compatible prototype inputs; hourly weather values are derived proxies,Battery/diesel dispatch is simulated for PS26061 demonstration
2010-01-02T19:00:00+00:00,Casey,-66.2818,110.5276,2010,1,2,19,-0.485,8.554,0.0,199.282,23.4973,0.0,23.4973,0.0,0.0,0.0,175.7847,49.2197,prototype_derived,AADC historical monthly series (1993-2016) + source-calibrated hourly disaggregation,AADC monthly indicators / ERA5-compatible prototype inputs; hourly weather values are derived proxies,Battery/diesel dispatch is simulated for PS26061 demonstration
2010-01-02T20:00:00+00:00,Casey,-66.2818,110.5276,2010,1,2,20,1.081,7.997,134.49,187.4098,17.1199,42.0272,59.1471,0.0,0.0,0.0,128.2627,35.9136,prototype_derived,AADC historical monthly series (1993-2016) + source-calibrated hourly disaggregation,AADC monthly indicators / ERA5-compatible prototype inputs; hourly weather values are derived proxies,Battery/diesel dispatch is simulated for PS26061 demonstration
2010-01-02T21:00:00+00:00,Casey,-66.2818,110.5276,2010,1,2,21,-0.034,9.229,0.0,201.706,33.1534,0.0,33.1534,0.0,0.0,0.0,168.5526,47.1947,prototype_derived,AADC historical monthly series (1993-2016) + source-calibrated hourly disaggregation,AADC monthly indicators / ERA5-compatible prototype inputs; hourly weather values are derived proxies,Battery/diesel dispatch is simulated for PS26061 demonstration
2010-01-02T22:00:00+00:00,Casey,-66.2818,110.5276,2010,1,2,22,0.688,7.054,0.0,208.8435,9.1397,0.0,9.1397,0.0,0.0,0.0,199.7038,55.9171,prototype_derived,AADC historical monthly series (1993-2016) + source-calibrated hourly disaggregation,AADC monthly indicators / ERA5-compatible prototype inputs; hourly weather values are derived proxies,Battery/diesel dispatch is simulated for PS26061 demonstration
2010-01-02T23:00:00+00:00,Casey,-66.2818,110.5276,2010,1,2,23,-1.64,8.555,19.68,209.1692,23.5081,6.1492,29.6573,0.0,0.0,0.0,179.5119,50.2633,prototype_derived,AADC historical monthly series (1993-2016) + source-calibrated hourly disaggregation,AADC monthly indicators / ERA5-compatible prototype inputs; hourly weather values are derived proxies,Battery/diesel dispatch is simulated for PS26061 demonstration
2010-01-03T00:00:00+00:00,Casey,-66.2818,110.5276,2010,1,3,0,-1.573,9.312,96.87,186.0068,34.489,30.2719,64.7609,0.0,0.0,0.0,121.2459,33.9489,prototype_derived,AADC historical monthly series (1993-2016) + source-calibrated hourly disaggregation,AADC monthly indicators / ERA5-compatible prototype inputs; hourly weather values are derived proxies,Battery/diesel dispatch is simulated for PS26061 demonstration
2010-01-03T01:00:00+00:00,Casey,-66.2818,110.5276,2010,1,3,1,-1.456,8.537,12.28,208.1111,23.2885,3.8376,27.1261,0.0,0.0,0.0,180.985,50.6758,prototype_derived,AADC historical monthly series (1993-2016) + source-calibrated hourly disaggregation,AADC monthly indicators / ERA5-compatible prototype inputs; hourly weather values are derived proxies,Battery/diesel dispatch is simulated for PS26061 demonstration
2010-01-03T02:00:00+00:00,Casey,-66.2818,110.5276,2010,1,3,2,-2.353,10.109,11.22,182.7387,49.2783,3.5074,52.7857,0.0,0.0,0.0,129.953,36.3868,prototype_derived,AADC historical monthly series (1993-2016) + source-calibrated hourly disaggregation,AADC monthly indicators / ERA5-compatible prototype inputs; hourly weather values are derived proxies,Battery/diesel dispatch is simulated for PS26061 demonstration
2010-01-03T03:00:00+00:00,Casey,-66.2818,110.5276,2010,1,3,3,-2.477,9.661,15.4,195.0207,40.5336,4.8133,45.3469,0.0,0.0,0.0,149.6738,41.9087,prototype_derived,AADC historical monthly series (1993-2016) + source-calibrated hourly disaggregation,AADC monthly indicators / ERA5-compatible prototype inputs; hourly weather values are derived proxies,Battery/diesel dispatch is simulated for PS26061 demonstration
2010-01-03T04:00:00+00:00,Casey,-66.2818,110.5276,2010,1,3,4,-2.341,8.644,44.9,198.2844,24.6627,14.0306,38.6933,0.0,0.0,0.0,159.5911,44.6855,prototype_derived,AADC historical monthly series (1993-2016) + source-calibrated hourly disaggregation,AADC monthly indicators / ERA5-compatible prototype inputs; hourly weather values are derived proxies,Battery/diesel dispatch is simulated for PS26061 demonstration
2010-01-03T05:00:00+00:00,Casey,-66.2818,110.5276,2010,1,3,5,-2.65,11.211,23.52,213.9378,75.9476,7.3514,83.299,0.0,0.0,0.0,130.6388,36.5789,prototype_derived,AADC historical monthly series (1993-2016) + source-calibrated hourly disaggregation,AADC monthly indicators / ERA5-compatible prototype inputs; hourly weather values are derived proxies,Battery/diesel dispatch is simulated for PS26061 demonstration
2010-01-03T06:00:00+00:00,Casey,-66.2818,110.5276,2010,1,3,6,-4.252,7.749,31.0,198.045,14.6918,9.6873,24.3791,0.0,0.0,0.0,173.6659,48.6265,prototype_derived,AADC historical monthly series (1993-2016) + source-calibrated hourly disaggregation,AADC monthly indicators / ERA5-compatible prototype inputs; hourly weather values are derived proxies,Battery/diesel dispatch is simulated for PS26061 demonstration
2010-01-03T07:00:00+00:00,Casey,-66.2818,110.5276,2010,1,3,7,-2.724,7.623,15.65,221.4688,13.5572,4.8911,18.4483,0.0,0.0,0.0,203.0205,56.8457,prototype_derived,AADC historical monthly series (1993-2016) + source-calibrated hourly disaggregation,AADC monthly indicators / ERA5-compatible prototype inputs; hourly weather values are derived proxies,Battery/diesel dispatch is simulated for PS26061 demonstration
2010-01-03T08:00:00+00:00,Casey,-66.2818,110.5276,2010,1,3,8,-3.554,8.449,65.43,199.8815,22.1981,20.4475,42.6456,0.0,0.0,0.0,157.2359,44.0261,prototype_derived,AADC historical monthly series (1993-2016) + source-calibrated hourly disaggregation,AADC monthly indicators / ERA5-compatible prototype inputs; hourly weather values are derived proxies,Battery/diesel dispatch is simulated for PS26061 demonstration
2010-01-03T09:00:00+00:00,Casey,-66.2818,110.5276,2010,1,3,9,-3.431,6.95,0.0,195.7409,8.4541,0.0,8.4541,0.0,0.0,0.0,187.2868,52.4403,prototype_derived,AADC historical monthly series (1993-2016) + source-calibrated hourly disaggregation,AADC monthly indicators / ERA5-compatible prototype inputs; hourly weather values are derived proxies,Battery/diesel dispatch is simulated for PS26061 demonstration
2010-01-03T10:00:00+00:00,Casey,-66.2818,110.5276,2010,1,3,10,-3.504,8.664,20.67,199.8759,24.9197,6.4597,31.3794,0.0,0.0,0.0,168.4965,47.179,prototype_derived,AADC historical monthly series (1993-2016) + source-calibrated hourly disaggregation,AADC monthly indicators / ERA5-compatible prototype inputs; hourly weather values are derived proxies,Battery/diesel dispatch is simulated for PS26061 demonstration
2010-01-03T11:00:00+00:00,Casey,-66.2818,110.5276,2010,1,3,11,-2.725,6.649,27.03,236.1027,6.6662,8.4474,15.1136,0.0,0.0,0.0,220.9891,61.8769,prototype_derived,AADC historical monthly series (1993-2016) + source-calibrated hourly disaggregation,AADC monthly indicators / ERA5-compatible prototype inputs; hourly weather values are derived proxies,Battery/diesel dispatch is simulated for PS26061 demonstration
2010-01-03T12:00:00+00:00,Casey,-66.2818,110.5276,2010,1,3,12,-3.042,7.43,95.61,201.0578,11.923,29.8766,41.7996,0.0,0.0,0.0,159.2582,44.5923,prototype_derived,AADC historical monthly series (1993-2016) + source-calibrated hourly disaggregation,AADC monthly indicators / ERA5-compatible prototype inputs; hourly weather values are derived proxies,Battery/diesel dispatch is simulated for PS26061 demonstration
2010-01-03T13:00:00+00:00,Casey,-66.2818,110.5276,2010,1,3,13,-1.225,6.132,0.0,217.844,4.215,0.0,4.215,0.0,0.0,0.0,213.629,59.8161,prototype_derived,AADC historical monthly series (1993-2016) + source-calibrated hourly disaggregation,AADC monthly indicators / ERA5-compatible prototype inputs; hourly weather values are derived proxies,Battery/diesel dispatch is simulated for PS26061 demonstration
2010-01-03T14:00:00+00:00,Casey,-66.2818,110.5276,2010,1,3,14,-1.428,8.104,24.24,211.4294,18.2361,7.5755,25.8116,0.0,0.0,0.0,185.6178,51.973,prototype_derived,AADC historical monthly series (1993-2016) + source-calibrated hourly disaggregation,AADC monthly indicators / ERA5-compatible prototype inputs; hourly weather values are derived proxies,Battery/diesel dispatch is simulated for PS26061 demonstration
2010-01-03T15:00:00+00:00,Casey,-66.2818,110.5276,2010,1,3,15,-1.816,7.298,0.0,207.9026,10.8937,0.0,10.8937,0.0,0.0,0.0,197.0089,55.1625,prototype_derived,AADC historical monthly series (1993-2016) + source-calibrated hourly disaggregation,AADC monthly indicators / ERA5-compatible prototype inputs; hourly weather values are derived proxies,Battery/diesel dispatch is simulated for PS26061 demonstration
2010-01-03T16:00:00+00:00,Casey,-66.2818,110.5276,2010,1,3,16,-0.406,4.264,89.73,173.653,0.2771,28.0409,28.318,0.0,0.0,0.0,145.335,40.6938,prototype_derived,AADC historical monthly series (1993-2016) + source-calibrated hourly disaggregation,AADC monthly indicators / ERA5-compatible prototype inputs; hourly weather values are derived proxies,Battery/diesel dispatch is simulated for PS26061 demonstration
2010-01-03T17:00:00+00:00,Casey,-66.2818,110.5276,2010,1,3,17,-1.656,6.77,35.1,226.0403,7.3509,10.9673,18.3182,0.0,0.0,0.0,207.7221,58.1622,prototype_derived,AADC historical monthly series (1993-2016) + source-calibrated hourly disaggregation,AADC monthly indicators / ERA5-compatible prototype inputs; hourly weather values are derived proxies,Battery/diesel dispatch is simulated for PS26061 demonstration
2010-01-03T18:00:00+00:00,Casey,-66.2818,110.5276,2010,1,3,18,-0.687,5.692,0.0,234.7212,2.6751,0.0,2.6751,0.0,0.0,0.0,232.0461,64.9729,prototype_derived,AADC historical monthly series (1993-2016) + source-calibrated hourly disaggregation,AADC monthly indicators / ERA5-compatible prototype inputs; hourly weather values are derived proxies,Battery/diesel dispatch is simulated for PS26061 demonstration
2010-01-03T19:00:00+00:00,Casey,-66.2818,110.5276,2010,1,3,19,-1.028,8.157,1.48,234.5056,18.8134,0.4628,19.2762,0.0,0.0,0.0,215.2294,60.2642,prototype_derived,AADC historical monthly series (1993-2016) + source-calibrated hourly disaggregation,AADC monthly indicators / ERA5-compatible prototype inputs; hourly weather values are derived proxies,Battery/diesel dispatch is simulated for PS26061 demonstration
2010-01-03T20:00:00+00:00,Casey,-66.2818,110.5276,2010,1,3,20,-0.986,6.329,121.88,227.2709,5.0607,38.0862,43.1469,0.0,0.0,0.0,184.124,51.5547,prototype_derived,AADC historical monthly series (1993-2016) + source-calibrated hourly disaggregation,AADC monthly indicators / ERA5-compatible prototype inputs; hourly weather values are derived proxies,Battery/diesel dispatch is simulated for PS26061 demonstration
2010-01-03T21:00:00+00:00,Casey,-66.2818,110.5276,2010,1,3,21,-0.453,7.536,0.0,206.6698,12.801,0.0,12.801,0.0,0.0,0.0,193.8688,54.2833,prototype_derived,AADC historical monthly series (1993-2016) + source-calibrated hourly disaggregation,AADC monthly indicators / ERA5-compatible prototype inputs; hourly weather values are derived proxies,Battery/diesel dispatch is simulated for PS26061 demonstration
2010-01-03T22:00:00+00:00,Casey,-66.2818,110.5276,2010,1,3,22,-1.528,9.415,17.23,194.7502,36.2118,5.3844,41.5962,0.0,0.0,0.0,153.154,42.8831,prototype_derived,AADC historical monthly series (1993-2016) + source-calibrated hourly disaggregation,AADC monthly indicators / ERA5-compatible prototype inputs; hourly weather values are derived proxies,Battery/diesel dispatch is simulated for PS26061 demonstration
2010-01-03T23:00:00+00:00,Casey,-66.2818,110.5276,2010,1,3,23,-0.947,8.829,0.0,178.3965,27.1693,0.0,27.1693,0.0,0.0,0.0,151.2272,42.3436,prototype_derived,AADC historical monthly series (1993-2016) + source-calibrated hourly disaggregation,AADC monthly indicators / ERA5-compatible prototype inputs; hourly weather values are derived proxies,Battery/diesel dispatch is simulated for PS26061 demonstration
2010-01-04T00:00:00+00:00,Casey,-66.2818,110.5276,2010,1,4,0,-0.865,7.848,68.68,212.6313,15.6286,21.4639,37.0925,0.0,0.0,0.0,175.5388,49.1509,prototype_derived,AADC historical monthly series (1993-2016) + source-calibrated hourly disaggregation,AADC monthly indicators / ERA5-compatible prototype inputs; hourly weather values are derived proxies,Battery/diesel dispatch is simulated for PS26061 demonstration
2010-01-04T01:00:00+00:00,Casey,-66.2818,110.5276,2010,1,4,1,-0.723,8.899,0.0,172.7233,28.1556,0.0,28.1556,0.0,0.0,0.0,144.5677,40.479,prototype_derived,AADC historical monthly series (1993-2016) + source-calibrated hourly disaggregation,AADC monthly indicators / ERA5-compatible prototype inputs; hourly weather values are derived proxies,Battery/diesel dispatch is simulated for PS26061 demonstration
2010-01-04T02:00:00+00:00,Casey,-66.2818,110.5276,2010,1,4,2,-2.03,8.994,35.77,188.688,29.5475,11.1796,40.7271,0.0,0.0,0.0,147.9609,41.4291,prototype_derived,AADC historical monthly series (1993-2016) + source-calibrated hourly disaggregation,AADC monthly indicators / ERA5-compatible prototype inputs; hourly weather values are derived proxies,Battery/diesel dispatch is simulated for PS26061 demonstration
2010-01-04T03:00:00+00:00,Casey,-66.2818,110.5276,2010,1,4,3,-2.625,8.724,0.0,185.0211,25.7276,0.0,25.7276,0.0,0.0,0.0,159.2935,44.6022,prototype_derived,AADC historical monthly series (1993-2016) + source-calibrated hourly disaggregation,AADC monthly indicators / ERA5-compatible prototype inputs; hourly weather values are derived proxies,Battery/diesel dispatch is simulated for PS26061 demonstration
2010-01-04T04:00:00+00:00,Casey,-66.2818,110.5276,2010,1,4,4,-3.692,8.279,78.5,194.9371,20.1749,24.5326,44.7075,0.0,0.0,0.0,150.2296,42.0643,prototype_derived,AADC historical monthly series (1993-2016) + source-calibrated hourly disaggregation,AADC monthly indicators / ERA5-compatible prototype inputs; hourly weather values are derived proxies,Battery/diesel dispatch is simulated for PS26061 demonstration
2010-01-04T05:00:00+00:00,Casey,-66.2818,110.5276,2010,1,4,5,-2.787,9.031,0.0,186.1144,30.0912,0.0,30.0912,0.0,0.0,0.0,156.0232,43.6865,prototype_derived,AADC historical monthly series (1993-2016) + source-calibrated hourly disaggregation,AADC monthly indicators / ERA5-compatible prototype inputs; hourly weather values are derived proxies,Battery/diesel dispatch is simulated for PS26061 demonstration
2010-01-04T06:00:00+00:00,Casey,-66.2818,110.5276,2010,1,4,6,-1.983,8.722,22.38,218.9434,25.6995,6.9924,32.6919,0.0,0.0,0.0,186.2515,52.1504,prototype_derived,AADC historical monthly series (1993-2016) + source-calibrated hourly disaggregation,AADC monthly indicators / ERA5-compatible prototype inputs; hourly weather values are derived proxies,Battery/diesel dispatch is simulated for PS26061 demonstration
2010-01-04T07:00:00+00:00,Casey,-66.2818,110.5276,2010,1,4,7,-4.438,9.269,17.9,188.442,33.7886,5.5938,39.3824,0.0,0.0,0.0,149.0596,41.7367,prototype_derived,AADC historical monthly series (1993-2016) + source-calibrated hourly disaggregation,AADC monthly indicators / ERA5-compatible prototype inputs; hourly weather values are derived proxies,Battery/diesel dispatch is simulated for PS26061 demonstration
2010-01-04T08:00:00+00:00,Casey,-66.2818,110.5276,2010,1,4,8,-2.364,8.139,82.36,179.1173,18.6166,25.7367,44.3533,0.0,0.0,0.0,134.764,37.7339,prototype_derived,AADC historical monthly series (1993-2016) + source-calibrated hourly disaggregation,AADC monthly indicators / ERA5-compatible prototype inputs; hourly weather values are derived proxies,Battery/diesel dispatch is simulated for PS26061 demonstration
2010-01-04T09:00:00+00:00,Casey,-66.2818,110.5276,2010,1,4,9,-2.947,6.289,0.0,202.8639,4.8819,0.0,4.8819,0.0,0.0,0.0,197.982,55.435,prototype_derived,AADC historical monthly series (1993-2016) + source-calibrated hourly disaggregation,AADC monthly indicators / ERA5-compatible prototype inputs; hourly weather values are derived proxies,Battery/diesel dispatch is simulated for PS26061 demonstration
2010-01-04T10:00:00+00:00,Casey,-66.2818,110.5276,2010,1,4,10,-4.65,6.662,0.0,198.2816,6.734,0.0,6.734,0.0,0.0,0.0,191.5476,53.6333,prototype_derived,AADC historical monthly series (1993-2016) + source-calibrated hourly disaggregation,AADC monthly indicators / ERA5-compatible prototype inputs; hourly weather values are derived proxies,Battery/diesel dispatch is simulated for PS26061 demonstration
2010-01-04T11:00:00+00:00,Casey,-66.2818,110.5276,2010,1,4,11,-3.549,8.119,0.0,211.9859,18.4019,0.0,18.4019,0.0,0.0,0.0,193.584,54.2035,prototype_derived,AADC historical monthly series (1993-2016) + source-calibrated hourly disaggregation,AADC monthly indicators / ERA5-compatible prototype inputs; hourly weather values are derived proxies,Battery/diesel dispatch is simulated for PS26061 demonstration
2010-01-04T12:00:00+00:00,Casey,-66.2818,110.5276,2010,1,4,12,-3.799,7.887,86.56,195.2268,16.0151,27.0491,43.0642,0.0,0.0,0.0,152.1626,42.6055,prototype_derived,AADC historical monthly series (1993-2016) + source-calibrated hourly disaggregation,AADC monthly indicators / ERA5-compatible prototype inputs; hourly weather values are derived proxies,Battery/diesel dispatch is simulated for PS26061 demonstration
2010-01-04T13:00:00+00:00,Casey,-66.2818,110.5276,2010,1,4,13,-1.699,6.402,0.0,196.0834,5.4016,0.0,5.4016,0.0,0.0,0.0,190.6818,53.3909,prototype_derived,AADC historical monthly series (1993-2016) + source-calibrated hourly disaggregation,AADC monthly indicators / ERA5-compatible prototype inputs; hourly weather values are derived proxies,Battery/diesel dispatch is simulated for PS26061 demonstration
2010-01-04T14:00:00+00:00,Casey,-66.2818,110.5276,2010,1,4,14,-2.258,6.138,0.0,197.6683,4.2376,0.0,4.2376,0.0,0.0,0.0,193.4307,54.1606,prototype_derived,AADC historical monthly series (1993-2016) + source-calibrated hourly disaggregation,AADC monthly indicators / ERA5-compatible prototype inputs; hourly weather values are derived proxies,Battery/diesel dispatch is simulated for PS26061 demonstration
2010-01-04T15:00:00+00:00,Casey,-66.2818,110.5276,2010,1,4,15,-3.681,4.496,7.86,219.489,0.4591,2.4554,2.9145,0.0,0.0,0.0,216.5745,60.6409,prototype_derived,AADC historical monthly series (1993-2016) + source-calibrated hourly disaggregation,AADC monthly indicators / ERA5-compatible prototype inputs; hourly weather values are derived proxies,Battery/diesel dispatch is simulated for PS26061 demonstration
2010-01-04T16:00:00+00:00,Casey,-66.2818,110.5276,2010,1,4,16,-2.496,6.838,91.67,207.8272,7.7528,28.6453,36.3981,0.0,0.0,0.0,171.4291,48.0001,prototype_derived,AADC historical monthly series (1993-2016) + source-calibrated hourly disaggregation,AADC monthly indicators / ERA5-compatible prototype inputs; hourly weather values are derived proxies,Battery/diesel dispatch is simulated for PS26061 demonstration
2010-01-04T17:00:00+00:00,Casey,-66.2818,110.5276,2010,1,4,17,-0.247,7.613,34.78,190.9814,13.4636,10.8698,24.3334,0.0,0.0,0.0,166.648,46.6614,prototype_derived,AADC historical monthly series (1993-2016) + source-calibrated hourly disaggregation,AADC monthly indicators / ERA5-compatible prototype inputs; hourly weather values are derived proxies,Battery/diesel dispatch is simulated for PS26061 demonstration
2010-01-04T18:00:00+00:00,Casey,-66.2818,110.5276,2010,1,4,18,-1.18,6.684,9.71,247.0695,6.8569,3.0338,9.8907,0.0,0.0,0.0,237.1788,66.4101,prototype_derived,AADC historical monthly series (1993-2016) + source-calibrated hourly disaggregation,AADC monthly indicators / ERA5-compatible prototype inputs; hourly weather values are derived proxies,Battery/diesel dispatch is simulated for PS26061 demonstration
2010-01-04T19:00:00+00:00,Casey,-66.2818,110.5276,2010,1,4,19,-1.559,7.693,2.6,222.4203,14.1811,0.813,14.9941,0.0,0.0,0.0,207.4262,58.0793,prototype_derived,AADC historical monthly series (1993-2016) + source-calibrated hourly disaggregation,AADC monthly indicators / ERA5-compatible prototype inputs; hourly weather values are derived proxies,Battery/diesel dispatch is simulated for PS26061 demonstration
2010-01-04T20:00:00+00:00,Casey,-66.2818,110.5276,2010,1,4,20,0.916,8.198,83.27,194.6513,19.2648,26.0221,45.2869,0.0,0.0,0.0,149.3644,41.822,prototype_derived,AADC historical monthly series (1993-2016) + source-calibrated hourly disaggregation,AADC monthly indicators / ERA5-compatible prototype inputs; hourly weather values are derived proxies,Battery/diesel dispatch is simulated for PS26061 demonstration
2010-01-04T21:00:00+00:00,Casey,-66.2818,110.5276,2010,1,4,21,-0.419,8.076,10.29,205.3563,17.9444,3.216,21.1604,0.0,0.0,0.0,184.1959,51.5749,prototype_derived,AADC historical monthly series (1993-2016) + source-calibrated hourly disaggregation,AADC monthly indicators / ERA5-compatible prototype inputs; hourly weather values are derived proxies,Battery/diesel dispatch is simulated for PS26061 demonstration
2010-01-04T22:00:00+00:00,Casey,-66.2818,110.5276,2010,1,4,22,0.452,7.63,32.82,216.7093,13.6166,10.2571,23.8737,0.0,0.0,0.0,192.8356,53.994,prototype_derived,AADC historical monthly series (1993-2016) + source-calibrated hourly disaggregation,AADC monthly indicators / ERA5-compatible prototype inputs; hourly weather values are derived proxies,Battery/diesel dispatch is simulated for PS26061 demonstration
2010-01-04T23:00:00+00:00,Casey,-66.2818,110.5276,2010,1,4,23,-0.48,8.446,14.3,180.7171,22.1551,4.4674,26.6225,0.0,0.0,0.0,154.0946,43.1465,prototype_derived,AADC historical monthly series (1993-2016) + source-calibrated hourly disaggregation,AADC monthly indicators / ERA5-compatible prototype inputs; hourly weather values are derived proxies,Battery/diesel dispatch is simulated for PS26061 demonstration
2010-01-05T00:00:00+00:00,Casey,-66.2818,110.5276,2010,1,5,0,-0.977,9.618,95.6,181.1721,39.7537,29.8764,69.6301,0.0,0.0,0.0,111.542,31.2318,prototype_derived,AADC historical monthly series (1993-2016) + source-calibrated hourly disaggregation,AADC monthly indicators / ERA5-compatible prototype inputs; hourly weather values are derived proxies,Battery/diesel dispatch is simulated for PS26061 demonstration
2010-01-05T01:00:00+00:00,Casey,-66.2818,110.5276,2010,1,5,1,-1.813,10.58,3.83,194.4992,59.7339,1.1955,60.9294,0.0,0.0,0.0,133.5698,37.3995,prototype_derived,AADC historical monthly series (1993-2016) + source-calibrated hourly disaggregation,AADC monthly indicators / ERA5-compatible prototype inputs; hourly weather values are derived proxies,Battery/diesel dispatch is simulated for PS26061 demonstration
2010-01-05T02:00:00+00:00,Casey,-66.2818,110.5276,2010,1,5,2,-1.803,8.837,9.66,197.5715,27.2739,3.0189,30.2928,0.0,0.0,0.0,167.2787,46.838,prototype_derived,AADC historical monthly series (1993-2016) + source-calibrated hourly disaggregation,AADC monthly indicators / ERA5-compatible prototype inputs; hourly weather values are derived proxies,Battery/diesel dispatch is simulated for PS26061 demonstration
2010-01-05T03:00:00+00:00,Casey,-66.2818,110.5276,2010,1,5,3,-2.256,10.082,0.0,196.2164,48.7145,0.0,48.7145,0.0,0.0,0.0,147.5019,41.3005,prototype_derived,AADC historical monthly series (1993-2016) + source-calibrated hourly disaggregation,AADC monthly indicators / ERA5-compatible prototype inputs; hourly weather values are derived proxies,Battery/diesel dispatch is simulated for PS26061 demonstration
2010-01-05T04:00:00+00:00,Casey,-66.2818,110.5276,2010,1,5,4,-3.214,9.226,91.71,177.4868,33.1023,28.6597,61.762,0.0,0.0,0.0,115.7248,32.4029,prototype_derived,AADC historical monthly series (1993-2016) + source-calibrated hourly disaggregation,AADC monthly indicators / ERA5-compatible prototype inputs; hourly weather values are derived proxies,Battery/diesel dispatch is simulated for PS26061 demonstration
2010-01-05T05:00:00+00:00,Casey,-66.2818,110.5276,2010,1,5,5,-1.625,8.87,0.0,187.7433,27.7388,0.0,27.7388,0.0,0.0,0.0,160.0045,44.8013,prototype_derived,AADC historical monthly series (1993-2016) + source-calibrated hourly disaggregation,AADC monthly indicators / ERA5-compatible prototype inputs; hourly weather values are derived proxies,Battery/diesel dispatch is simulated for PS26061 demonstration
2010-01-05T06:00:00+00:00,Casey,-66.2818,110.5276,2010,1,5,6,-3.052,9.379,23.33,171.6692,35.6103,7.2908,42.9011,0.0,0.0,0.0,128.7681,36.0551,prototype_derived,AADC historical monthly series (1993-2016) + source-calibrated hourly disaggregation,AADC monthly indicators / ERA5-compatible prototype inputs; hourly weather values are derived proxies,Battery/diesel dispatch is simulated for PS26061 demonstration
2010-01-05T07:00:00+00:00,Casey,-66.2818,110.5276,2010,1,5,7,-3.539,7.615,4.76,205.9143,13.4835,1.4877,14.9712,0.0,0.0,0.0,190.9431,53.4641,prototype_derived,AADC historical monthly series (1993-2016) + source-calibrated hourly disaggregation,AADC monthly indicators / ERA5-compatible prototype inputs; hourly weather values are derived proxies,Battery/diesel dispatch is simulated for PS26061 demonstration
2010-01-05T08:00:00+00:00,Casey,-66.2818,110.5276,2010,1,5,8,-4.337,8.083,64.47,192.6577,18.0156,20.1477,38.1633,0.0,0.0,0.0,154.4944,43.2584,prototype_derived,AADC historical monthly series (1993-2016) + source-calibrated hourly disaggregation,AADC monthly indicators / ERA5-compatible prototype inputs; hourly weather values are derived proxies,Battery/diesel dispatch is simulated for PS26061 demonstration
2010-01-05T09:00:00+00:00,Casey,-66.2818,110.5276,2010,1,5,9,-3.806,8.035,0.0,197.4935,17.5049,0.0,17.5049,0.0,0.0,0.0,179.9886,50.3968,prototype_derived,AADC historical monthly series (1993-2016) + source-calibrated hourly disaggregation,AADC monthly indicators / ERA5-compatible prototype inputs; hourly weather values are derived proxies,Battery/diesel dispatch is simulated for PS26061 demonstration
2010-01-05T10:00:00+00:00,Casey,-66.2818,110.5276,2010,1,5,10,-3.025,8.672,0.0,225.5607,25.0249,0.0,25.0249,0.0,0.0,0.0,200.5358,56.15,prototype_derived,AADC historical monthly series (1993-2016) + source-calibrated hourly disaggregation,AADC monthly indicators / ERA5-compatible prototype inputs; hourly weather values are derived proxies,Battery/diesel dispatch is simulated for PS26061 demonstration
2010-01-05T11:00:00+00:00,Casey,-66.2818,110.5276,2010,1,5,11,-2.006,8.885,0.0,196.377,27.9553,0.0,27.9553,0.0,0.0,0.0,168.4217,47.1581,prototype_derived,AADC historical monthly series (1993-2016) + source-calibrated hourly disaggregation,AADC monthly indicators / ERA5-compatible prototype inputs; hourly weather values are derived proxies,Battery/diesel dispatch is simulated for PS26061 demonstration
2010-01-05T12:00:00+00:00,Casey,-66.2818,110.5276,2010,1,5,12,-2.702,5.449,115.77,199.3308,2.014,36.1775,38.1915,0.0,0.0,0.0,161.1393,45.119,prototype_derived,AADC historical monthly series (1993-2016) + source-calibrated hourly disaggregation,AADC monthly indicators / ERA5-compatible prototype inputs; hourly weather values are derived proxies,Battery/diesel dispatch is simulated for PS26061 demonstration
2010-01-05T13:00:00+00:00,Casey,-66.2818,110.5276,2010,1,5,13,-2.478,5.213,16.39,250.7831,1.4864,5.1229,6.6093,0.0,0.0,0.0,244.1738,68.3687,prototype_derived,AADC historical monthly series (1993-2016) + source-calibrated hourly disaggregation,AADC monthly indicators / ERA5-compatible prototype inputs; hourly weather values are derived proxies,Battery/diesel dispatch is simulated for PS26061 demonstration
2010-01-05T14:00:00+00:00,Casey,-66.2818,110.5276,2010,1,5,14,-1.217,7.81,30.18,173.7806,15.2701,9.4313,24.7014,0.0,0.0,0.0,149.0792,41.7422,prototype_derived,AADC historical monthly series (1993-2016) + source-calibrated hourly disaggregation,AADC monthly indicators / ERA5-compatible prototype inputs; hourly weather values are derived proxies,Battery/diesel dispatch is simulated for PS26061 demonstration
2010-01-05T15:00:00+00:00,Casey,-66.2818,110.5276,2010,1,5,15,-1.996,6.67,0.0,221.8845,6.7788,0.0,6.7788,0.0,0.0,0.0,215.1057,60.2296,prototype_derived,AADC historical monthly series (1993-2016) + source-calibrated hourly disaggregation,AADC monthly indicators / ERA5-compatible prototype inputs; hourly weather values are derived proxies,Battery/diesel dispatch is simulated for PS26061 demonstration
2010-01-05T16:00:00+00:00,Casey,-66.2818,110.5276,2010,1,5,16,0.027,7.321,108.3,216.6218,11.0654,33.844,44.9094,0.0,0.0,0.0,171.7124,48.0795,prototype_derived,AADC historical monthly series (1993-2016) + source-calibrated hourly disaggregation,AADC monthly indicators / ERA5-compatible prototype inputs; hourly weather values are derived proxies,Battery/diesel dispatch is simulated for PS26061 demonstration
2010-01-05T17:00:00+00:00,Casey,-66.2818,110.5276,2010,1,5,17,-0.298,6.365,5.33,196.0227,5.2252,1.6651,6.8903,0.0,0.0,0.0,189.1324,52.9571,prototype_derived,AADC historical monthly series (1993-2016) + source-calibrated hourly disaggregation,AADC monthly indicators / ERA5-compatible prototype inputs; hourly weather values are derived proxies,Battery/diesel dispatch is simulated for PS26061 demonstration
2010-01-05T18:00:00+00:00,Casey,-66.2818,110.5276,2010,1,5,18,-0.122,6.987,1.1,188.1295,8.6965,0.344,9.0405,0.0,0.0,0.0,179.089,50.1449,prototype_derived,AADC historical monthly series (1993-2016) + source-calibrated hourly disaggregation,AADC monthly indicators / ERA5-compatible prototype inputs; hourly weather values are derived proxies,Battery/diesel dispatch is simulated for PS26061 demonstration
2010-01-05T19:00:00+00:00,Casey,-66.2818,110.5276,2010,1,5,19,0.057,6.397,0.0,215.6619,5.3755,0.0,5.3755,0.0,0.0,0.0,210.2864,58.8802,prototype_derived,AADC historical monthly series (1993-2016) + source-calibrated hourly disaggregation,AADC monthly indicators / ERA5-compatible prototype inputs; hourly weather values are derived proxies,Battery/diesel dispatch is simulated for PS26061 demonstration
2010-01-05T20:00:00+00:00,Casey,-66.2818,110.5276,2010,1,5,20,0.89,7.684,89.2,202.8182,14.0925,27.8738,41.9663,0.0,0.0,0.0,160.8519,45.0385,prototype_derived,AADC historical monthly series (1993-2016) + source-calibrated hourly disaggregation,AADC monthly indicators / ERA5-compatible prototype inputs; hourly weather values are derived proxies,Battery/diesel dispatch is simulated for PS26061 demonstration
2010-01-05T21:00:00+00:00,Casey,-66.2818,110.5276,2010,1,5,21,-1.995,7.561,0.0,202.4869,13.0158,0.0,13.0158,0.0,0.0,0.0,189.4711,53.0519,prototype_derived,AADC historical monthly series (1993-2016) + source-calibrated hourly disaggregation,AADC monthly indicators / ERA5-compatible prototype inputs; hourly weather values are derived proxies,Battery/diesel dispatch is simulated for PS26061 demonstration
2010-01-05T22:00:00+00:00,Casey,-66.2818,110.5276,2010,1,5,22,-1.429,9.506,0.0,253.2096,37.7724,0.0,37.7724,0.0,0.0,0.0,215.4372,60.3224,prototype_derived,AADC historical monthly series (1993-2016) + source-calibrated hourly disaggregation,AADC monthly indicators / ERA5-compatible prototype inputs; hourly weather values are derived proxies,Battery/diesel dispatch is simulated for PS26061 demonstration
2010-01-05T23:00:00+00:00,Casey,-66.2818,110.5276,2010,1,5,23,1.319,8.175,0.0,209.3057,19.0117,0.0,19.0117,0.0,0.0,0.0,190.294,53.2823,prototype_derived,AADC historical monthly series (1993-2016) + source-calibrated hourly disaggregation,AADC monthly indicators / ERA5-compatible prototype inputs; hourly weather values are derived proxies,Battery/diesel dispatch is simulated for PS26061 demonstration
2010-01-06T00:00:00+00:00,Casey,-66.2818,110.5276,2010,1,6,0,-2.043,9.364,85.07,199.7127,35.3616,26.5838,61.9454,0.0,0.0,0.0,137.7673,38.5748,prototype_derived,AADC historical monthly series (1993-2016) + source-calibrated hourly disaggregation,AADC monthly indicators / ERA5-compatible prototype inputs; hourly weather values are derived proxies,Battery/diesel dispatch is simulated for PS26061 demonstration
2010-01-06T01:00:00+00:00,Casey,-66.2818,110.5276,2010,1,6,1,-2.136,10.14,0.0,218.7112,49.9232,0.0,49.9232,0.0,0.0,0.0,168.788,47.2606,prototype_derived,AADC historical monthly series (1993-2016) + source-calibrated hourly disaggregation,AADC monthly indicators / ERA5-compatible prototype inputs; hourly weather values are derived proxies,Battery/diesel dispatch is simulated for PS26061 demonstration
2010-01-06T02:00:00+00:00,Casey,-66.2818,110.5276,2010,1,6,2,-2.197,9.906,9.81,207.9507,45.1773,3.0667,48.244,0.0,0.0,0.0,159.7067,44.7179,prototype_derived,AADC historical monthly series (1993-2016) + source-calibrated hourly disaggregation,AADC monthly indicators / ERA5-compatible prototype inputs; hourly weather values are derived proxies,Battery/diesel dispatch is simulated for PS26061 demonstration
2010-01-06T03:00:00+00:00,Casey,-66.2818,110.5276,2010,1,6,3,-2.293,10.589,0.0,200.7485,59.9473,0.0,59.9473,0.0,0.0,0.0,140.8012,39.4243,prototype_derived,AADC historical monthly series (1993-2016) + source-calibrated hourly disaggregation,AADC monthly indicators / ERA5-compatible prototype inputs; hourly weather values are derived proxies,Battery/diesel dispatch is simulated for PS26061 demonstration
2010-01-06T04:00:00+00:00,Casey,-66.2818,110.5276,2010,1,6,4,-3.646,8.875,121.49,198.7063,27.8228,37.9662,65.789,0.0,0.0,0.0,132.9173,37.2168,prototype_derived,AADC historical monthly series (1993-2016) + source-calibrated hourly disaggregation,AADC monthly indicators / ERA5-compatible prototype inputs; hourly weather values are derived proxies,Battery/diesel dispatch is simulated for PS26061 demonstration
2010-01-06T05:00:00+00:00,Casey,-66.2818,110.5276,2010,1,6,5,-3.406,8.539,14.75,222.3031,23.3071,4.6099,27.917,0.0,0.0,0.0,194.3861,54.4281,prototype_derived,AADC historical monthly series (1993-2016) + source-calibrated hourly disaggregation,AADC monthly indicators / ERA5-compatible prototype inputs; hourly weather values are derived proxies,Battery/diesel dispatch is simulated for PS26061 demonstration
2010-01-06T06:00:00+00:00,Casey,-66.2818,110.5276,2010,1,6,6,-5.235,8.368,6.27,174.3738,21.2184,1.9585,23.1769,0.0,0.0,0.0,151.1969,42.3351,prototype_derived,AADC historical monthly series (1993-2016) + source-calibrated hourly disaggregation,AADC monthly indicators / ERA5-compatible prototype inputs; hourly weather values are derived proxies,Battery/diesel dispatch is simulated for PS26061 demonstration
2010-01-06T07:00:00+00:00,Casey,-66.2818,110.5276,2010,1,6,7,-2.34,10.337,0.0,204.0466,54.1839,0.0,54.1839,0.0,0.0,0.0,149.8627,41.9616,prototype_derived,AADC historical monthly series (1993-2016) + source-calibrated hourly disaggregation,AADC monthly indicators / ERA5-compatible prototype inputs; hourly weather values are derived proxies,Battery/diesel dispatch is simulated for PS26061 demonstration
2010-01-06T08:00:00+00:00,Casey,-66.2818,110.5276,2010,1,6,8,-4.081,9.29,77.76,205.0321,34.1337,24.2989,58.4326,0.0,0.0,0.0,146.5995,41.0479,prototype_derived,AADC historical monthly series (1993-2016) + source-calibrated hourly disaggregation,AADC monthly indicators / ERA5-compatible prototype inputs; hourly weather values are derived proxies,Battery/diesel dispatch is simulated for PS26061 demonstration
2010-01-06T09:00:00+00:00,Casey,-66.2818,110.5276,2010,1,6,9,-3.971,9.301,13.39,205.7422,34.3228,4.1829,38.5057,0.0,0.0,0.0,167.2365,46.8262,prototype_derived,AADC historical monthly series (1993-2016) + source-calibrated hourly disaggregation,AADC monthly indicators / ERA5-compatible prototype inputs; hourly weather values are derived proxies,Battery/diesel dispatch is simulated for PS26061 demonstration
2010-01-06T10:00:00+00:00,Casey,-66.2818,110.5276,2010,1,6,10,-4.186,7.944,0.0,169.2574,16.5737,0.0,16.5737,0.0,0.0,0.0,152.6837,42.7514,prototype_derived,AADC historical monthly series (1993-2016) + source-calibrated hourly disaggregation,AADC monthly indicators / ERA5-compatible prototype inputs; hourly weather values are derived proxies,Battery/diesel dispatch is simulated for PS26061 demonstration
2010-01-06T11:00:00+00:00,Casey,-66.2818,110.5276,2010,1,6,11,-1.998,8.663,8.45,182.6094,24.9106,2.6395,27.5501,0.0,0.0,0.0,155.0593,43.4166,prototype_derived,AADC historical monthly series (1993-2016) + source-calibrated hourly disaggregation,AADC monthly indicators / ERA5-compatible prototype inputs; hourly weather values are derived proxies,Battery/diesel dispatch is simulated for PS26061 demonstration
2010-01-06T12:00:00+00:00,Casey,-66.2818,110.5276,2010,1,6,12,-2.743,6.569,67.18,237.4249,6.235,20.9953,27.2303,0.0,0.0,0.0,210.1946,58.8545,prototype_derived,AADC historical monthly series (1993-2016) + source-calibrated hourly disaggregation,AADC monthly indicators / ERA5-compatible prototype inputs; hourly weather values are derived proxies,Battery/diesel dispatch is simulated for PS26061 demonstration
2010-01-06T13:00:00+00:00,Casey,-66.2818,110.5276,2010,1,6,13,-3.307,5.783,6.57,162.2956,2.9576,2.0539,5.0115,0.0,0.0,0.0,157.2841,44.0395,prototype_derived,AADC historical monthly series (1993-2016) + source-calibrated hourly disaggregation,AADC monthly indicators / ERA5-compatible prototype inputs; hourly weather values are derived proxies,Battery/diesel dispatch is simulated for PS26061 demonstration
2010-01-06T14:00:00+00:00,Casey,-66.2818,110.5276,2010,1,6,14,-2.55,6.739,3.26,235.2875,7.1691,1.0193,8.1884,0.0,0.0,0.0,227.0991,63.5877,prototype_derived,AADC historical monthly series (1993-2016) + source-calibrated hourly disaggregation,AADC monthly indicators / ERA5-compatible prototype inputs; hourly weather values are derived proxies,Battery/diesel dispatch is simulated for PS26061 demonstration
2010-01-06T15:00:00+00:00,Casey,-66.2818,110.5276,2010,1,6,15,-2.326,7.095,0.0,197.6727,9.4193,0.0,9.4193,0.0,0.0,0.0,188.2534,52.711,prototype_derived,AADC historical monthly series (1993-2016) + source-calibrated hourly disaggregation,AADC monthly indicators / ERA5-compatible prototype inputs; hourly weather values are derived proxies,Battery/diesel dispatch is simulated for PS26061 demonstration
2010-01-06T16:00:00+00:00,Casey,-66.2818,110.5276,2010,1,6,16,-0.499,7.143,90.59,207.4318,9.7582,28.3081,38.0663,0.0,0.0,0.0,169.3655,47.4223,prototype_derived,AADC historical monthly series (1993-2016) + source-calibrated hourly disaggregation,AADC monthly indicators / ERA5-compatible prototype inputs; hourly weather values are derived proxies,Battery/diesel dispatch is simulated for PS26061 demonstration
2010-01-06T17:00:00+00:00,Casey,-66.2818,110.5276,2010,1,6,17,-0.604,9.087,10.9,222.8312,30.9398,3.4076,34.3474,0.0,0.0,0.0,188.4838,52.7755,prototype_derived,AADC historical monthly series (1993-2016) + source-calibrated hourly disaggregation,AADC monthly indicators / ERA5-compatible prototype inputs; hourly weather values are derived proxies,Battery/diesel dispatch is simulated for PS26061 demonstration
2010-01-06T18:00:00+00:00,Casey,-66.2818,110.5276,2010,1,6,18,-0.909,8.099,0.0,200.98,18.1869,0.0,18.1869,0.0,0.0,0.0,182.7931,51.1821,prototype_derived,AADC historical monthly series (1993-2016) + source-calibrated hourly disaggregation,AADC monthly indicators / ERA5-compatible prototype inputs; hourly weather values are derived proxies,Battery/diesel dispatch is simulated for PS26061 demonstration
2010-01-06T19:00:00+00:00,Casey,-66.2818,110.5276,2010,1,6,19,-0.099,6.659,0.0,202.8905,6.7189,0.0,6.7189,0.0,0.0,0.0,196.1716,54.928,prototype_derived,AADC historical monthly series (1993-2016) + source-calibrated hourly disaggregation,AADC monthly indicators / ERA5-compatible prototype inputs; hourly weather values are derived proxies,Battery/diesel dispatch is simulated for PS26061 demonstration
2010-01-06T20:00:00+00:00,Casey,-66.2818,110.5276,2010,1,6,20,-0.13,8.058,85.69,254.2245,17.7456,26.777,44.5226,0.0,0.0,0.0,209.7019,58.7165,prototype_derived,AADC historical monthly series (1993-2016) + source-calibrated hourly disaggregation,AADC monthly indicators / ERA5-compatible prototype inputs; hourly weather values are derived proxies,Battery/diesel dispatch is simulated for PS26061 demonstration
2010-01-06T21:00:00+00:00,Casey,-66.2818,110.5276,2010,1,6,21,0.131,8.035,23.23,211.3733,17.5137,7.2606,24.7743,0.0,0.0,0.0,186.599,52.2477,prototype_derived,AADC historical monthly series (1993-2016) + source-calibrated hourly disaggregation,AADC monthly indicators / ERA5-compatible prototype inputs; hourly weather values are derived proxies,Battery/diesel dispatch is simulated for PS26061 demonstration
2010-01-06T22:00:00+00:00,Casey,-66.2818,110.5276,2010,1,6,22,-0.88,7.874,10.73,194.8889,15.8849,3.3525,19.2374,0.0,0.0,0.0,175.6515,49.1824,prototype_derived,AADC historical monthly series (1993-2016) + source-calibrated hourly disaggregation,AADC monthly indicators / ERA5-compatible prototype inputs; hourly weather values are derived proxies,Battery/diesel dispatch is simulated for PS26061 demonstration
2010-01-06T23:00:00+00:00,Casey,-66.2818,110.5276,2010,1,6,23,-0.432,6.785,0.0,203.9099,7.4388,0.0,7.4388,0.0,0.0,0.0,196.4711,55.0119,prototype_derived,AADC historical monthly series (1993-2016) + source-calibrated hourly disaggregation,AADC monthly indicators / ERA5-compatible prototype inputs; hourly weather values are derived proxies,Battery/diesel dispatch is simulated for PS26061 demonstration
2010-01-07T00:00:00+00:00,Casey,-66.2818,110.5276,2010,1,7,0,-0.418,10.389,116.49,148.4632,55.3408,36.4028,91.7436,0.0,0.0,0.0,56.7196,15.8815,prototype_derived,AADC historical monthly series (1993-2016) + source-calibrated hourly disaggregation,AADC monthly indicators / ERA5-compatible prototype inputs; hourly weather values are derived proxies,Battery/diesel dispatch is simulated for PS26061 demonstration
2010-01-07T01:00:00+00:00,Casey,-66.2818,110.5276,2010,1,7,1,-1.806,11.049,16.09,234.4709,71.5421,5.0274,76.5695,0.0,0.0,0.0,157.9014,44.2124,prototype_derived,AADC historical monthly series (1993-2016) + source-calibrated hourly disaggregation,AADC monthly indicators / ERA5-compatible prototype inputs; hourly weather values are derived proxies,Battery/diesel dispatch is simulated for PS26061 demonstration
2010-01-07T02:00:00+00:00,Casey,-66.2818,110.5276,2010,1,7,2,-1.8,9.646,29.79,179.9471,40.2707,9.3098,49.5805,0.0,0.0,0.0,130.3666,36.5026,prototype_derived,AADC historical monthly series (1993-2016) + source-calibrated hourly disaggregation,AADC monthly indicators / ERA5-compatible prototype inputs; hourly weather values are derived proxies,Battery/diesel dispatch is simulated for PS26061 demonstration
2010-01-07T03:00:00+00:00,Casey,-66.2818,110.5276,2010,1,7,3,-2.787,8.313,0.0,196.157,20.5759,0.0,20.5759,0.0,0.0,0.0,175.5811,49.1627,prototype_derived,AADC historical monthly series (1993-2016) + source-calibrated hourly disaggregation,AADC monthly indicators / ERA5-compatible prototype inputs; hourly weather values are derived proxies,Battery/diesel dispatch is simulated for PS26061 demonstration
2010-01-07T04:00:00+00:00,Casey,-66.2818,110.5276,2010,1,7,4,-3.467,10.333,60.89,211.9221,54.0972,19.0292,73.1264,0.0,0.0,0.0,138.7957,38.8628,prototype_derived,AADC historical monthly series (1993-2016) + source-calibrated hourly disaggregation,AADC monthly indicators / ERA5-compatible prototype inputs; hourly weather values are derived proxies,Battery/diesel dispatch is simulated for PS26061 demonstration
2010-01-07T05:00:00+00:00,Casey,-66.2818,110.5276,2010,1,7,5,-3.797,8.436,29.25,187.9641,22.0399,9.1407,31.1806,0.0,0.0,0.0,156.7835,43.8994,prototype_derived,AADC historical monthly series (1993-2016) + source-calibrated hourly disaggregation,AADC monthly indicators / ERA5-compatible prototype inputs; hourly weather values are derived proxies,Battery/diesel dispatch is simulated for PS26061 demonstration
2010-01-07T06:00:00+00:00,Casey,-66.2818,110.5276,2010,1,7,6,-3.353,9.431,8.12,203.3624,36.4927,2.5389,39.0316,0.0,0.0,0.0,164.3308,46.0126,prototype_derived,AADC historical monthly series (1993-2016) + source-calibrated hourly disaggregation,AADC monthly indicators / ERA5-compatible prototype inputs; hourly weather values are derived proxies,Battery/diesel dispatch is simulated for PS26061 demonstration
2010-01-07T07:00:00+00:00,Casey,-66.2818,110.5276,2010,1,7,7,-2.5,9.584,0.0,219.5558,39.1575,0.0,39.1575,0.0,0.0,0.0,180.3983,50.5115,prototype_derived,AADC historical monthly series (1993-2016) + source-calibrated hourly disaggregation,AADC monthly indicators / ERA5-compatible prototype inputs; hourly weather values are derived proxies,Battery/diesel dispatch is simulated for PS26061 demonstration
2010-01-07T08:00:00+00:00,Casey,-66.2818,110.5276,2010,1,7,8,-3.728,8.106,105.92,194.2566,18.2574,33.1012,51.3586,0.0,0.0,0.0,142.898,40.0114,prototype_derived,AADC historical monthly series (1993-2016) + source-calibrated hourly disaggregation,AADC monthly indicators / ERA5-compatible prototype inputs; hourly weather values are derived proxies,Battery/diesel dispatch is simulated for PS26061 demonstration
2010-01-07T09:00:00+00:00,Casey,-66.2818,110.5276,2010,1,7,9,-4.332,7.289,5.03,195.2723,10.8247,1.5731,12.3978,0.0,0.0,0.0,182.8745,51.2049,prototype_derived,AADC historical monthly series (1993-2016) + source-calibrated hourly disaggregation,AADC monthly indicators / ERA5-compatible prototype inputs; hourly weather values are derived proxies,Battery/diesel dispatch is simulated for PS26061 demonstration
2010-01-07T10:00:00+00:00,Casey,-66.2818,110.5276,2010,1,7,10,-3.572,6.852,0.0,197.0496,7.84,0.0,7.84,0.0,0.0,0.0,189.2096,52.9787,prototype_derived,AADC historical monthly series (1993-2016) + source-calibrated hourly disaggregation,AADC monthly indicators / ERA5-compatible prototype inputs; hourly weather values are derived proxies,Battery/diesel dispatch is simulated for PS26061 demonstration
2010-01-07T11:00:00+00:00,Casey,-66.2818,110.5276,2010,1,7,11,-4.217,9.809,31.58,189.9483,43.302,9.8696,53.1716,0.0,0.0,0.0,136.7767,38.2975,prototype_derived,AADC historical monthly series (1993-2016) + source-calibrated hourly disaggregation,AADC monthly indicators / ERA5-compatible prototype inputs; hourly weather values are derived proxies,Battery/diesel dispatch is simulated for PS26061 demonstration
2010-01-07T12:00:00+00:00,Casey,-66.2818,110.5276,2010,1,7,12,-2.438,7.248,84.55,260.1381,10.5143,26.4205,36.9348,0.0,0.0,0.0,223.2033,62.4969,prototype_derived,AADC historical monthly series (1993-2016) + source-calibrated hourly disaggregation,AADC monthly indicators / ERA5-compatible prototype inputs; hourly weather values are derived proxies,Battery/diesel dispatch is simulated for PS26061 demonstration
2010-01-07T13:00:00+00:00,Casey,-66.2818,110.5276,2010,1,7,13,-1.845,5.824,30.54,187.391,3.0898,9.545,12.6348,0.0,0.0,0.0,174.7562,48.9317,prototype_derived,AADC historical monthly series (1993-2016) + source-calibrated hourly disaggregation,AADC monthly indicators / ERA5-compatible prototype inputs; hourly weather values are derived proxies,Battery/diesel dispatch is simulated for PS26061 demonstration
2010-01-07T14:00:00+00:00,Casey,-66.2818,110.5276,2010,1,7,14,-3.435,7.097,0.0,190.59,9.4354,0.0,9.4354,0.0,0.0,0.0,181.1546,50.7233,prototype_derived,AADC historical monthly series (1993-2016) + source-calibrated hourly disaggregation,AADC monthly indicators / ERA5-compatible prototype inputs; hourly weather values are derived proxies,Battery/diesel dispatch is simulated for PS26061 demonstration
2010-01-07T15:00:00+00:00,Casey,-66.2818,110.5276,2010,1,7,15,-1.316,6.855,12.12,190.6905,7.8573,3.7875,11.6448,0.0,0.0,0.0,179.0457,50.1328,prototype_derived,AADC historical monthly series (1993-2016) + source-calibrated hourly disaggregation,AADC monthly indicators / ERA5-compatible prototype inputs; hourly weather values are derived proxies,Battery/diesel dispatch is simulated for PS26061 demonstration
2010-01-07T16:00:00+00:00,Casey,-66.2818,110.5276,2010,1,7,16,0.129,6.338,125.05,195.3486,5.1039,39.077,44.1809,0.0,0.0,0.0,151.1677,42.327,prototype_derived,AADC historical monthly series (1993-2016) + source-calibrated hourly disaggregation,AADC monthly indicators / ERA5-compatible prototype inputs; hourly weather values are derived proxies,Battery/diesel dispatch is simulated for PS26061 demonstration
2010-01-07T17:00:00+00:00,Casey,-66.2818,110.5276,2010,1,7,17,-1.907,5.933,0.0,253.5545,3.4617,0.0,3.4617,0.0,0.0,0.0,250.0928,70.026,prototype_derived,AADC historical monthly series (1993-2016) + source-calibrated hourly disaggregation,AADC monthly indicators / ERA5-compatible prototype inputs; hourly weather values are derived proxies,Battery/diesel dispatch is simulated for PS26061 demonstration
2010-01-07T18:00:00+00:00,Casey,-66.2818,110.5276,2010,1,7,18,-0.005,7.009,2.13,215.1948,8.8381,0.6656,9.5037,0.0,0.0,0.0,205.6911,57.5935,prototype_derived,AADC historical monthly series (1993-2016) + source-calibrated hourly disaggregation,AADC monthly indicators / ERA5-compatible prototype inputs; hourly weather values are derived proxies,Battery/diesel dispatch is simulated for PS26061 demonstration
2010-01-07T19:00:00+00:00,Casey,-66.2818,110.5276,2010,1,7,19,0.511,7.925,0.0,229.1798,16.3868,0.0,16.3868,0.0,0.0,0.0,212.793,59.582,prototype_derived,AADC historical monthly series (1993-2016) + source-calibrated hourly disaggregation,AADC monthly indicators / ERA5-compatible prototype inputs; hourly weather values are derived proxies,Battery/diesel dispatch is simulated for PS26061 demonstration
2010-01-07T20:00:00+00:00,Casey,-66.2818,110.5276,2010,1,7,20,-1.395,8.057,119.37,231.8457,17.741,37.3028,55.0438,0.0,0.0,0.0,176.8019,49.5045,prototype_derived,AADC historical monthly series (1993-2016) + source-calibrated hourly disaggregation,AADC monthly indicators / ERA5-compatible prototype inputs; hourly weather values are derived proxies,Battery/diesel dispatch is simulated for PS26061 demonstration
2010-01-07T21:00:00+00:00,Casey,-66.2818,110.5276,2010,1,7,21,-1.084,7.061,4.05,225.6274,9.1888,1.2662,10.455,0.0,0.0,0.0,215.1724,60.2483,prototype_derived,AADC historical monthly series (1993-2016) + source-calibrated hourly disaggregation,AADC monthly indicators / ERA5-compatible prototype inputs; hourly weather values are derived proxies,Battery/diesel dispatch is simulated for PS26061 demonstration
2010-01-07T22:00:00+00:00,Casey,-66.2818,110.5276,2010,1,7,22,-1.165,8.787,0.0,205.2226,26.5916,0.0,26.5916,0.0,0.0,0.0,178.631,50.0167,prototype_derived,AADC historical monthly series (1993-2016) + source-calibrated hourly disaggregation,AADC monthly indicators / ERA5-compatible prototype inputs; hourly weather values are derived proxies,Battery/diesel dispatch is simulated for PS26061 demonstration
2010-01-07T23:00:00+00:00,Casey,-66.2818,110.5276,2010,1,7,23,-1.596,10.173,0.0,176.6053,50.6254,0.0,50.6254,0.0,0.0,0.0,125.9799,35.2744,prototype_derived,AADC historical monthly series (1993-2016) + source-calibrated hourly disaggregation,AADC monthly indicators / ERA5-compatible prototype inputs; hourly weather values are derived proxies,Battery/diesel dispatch is simulated for PS26061 demonstration
2010-01-08T00:00:00+00:00,Casey,-66.2818,110.5276,2010,1,8,0,-0.334,7.822,89.73,181.3089,15.3841,28.0421,43.4262,0.0,0.0,0.0,137.8827,38.6072,prototype_derived,AADC historical monthly series (1993-2016) + source-calibrated hourly disaggregation,AADC monthly indicators / ERA5-compatible prototype inputs; hourly weather values are derived proxies,Battery/diesel dispatch is simulated for PS26061 demonstration
2010-01-08T01:00:00+00:00,Casey,-66.2818,110.5276,2010,1,8,1,-0.531,10.074,11.46,191.6199,48.5541,3.5809,52.135,0.0,0.0,0.0,139.4849,39.0558,prototype_derived,AADC historical monthly series (1993-2016) + source-calibrated hourly disaggregation,AADC monthly indicators / ERA5-compatible prototype inputs; hourly weather values are derived proxies,Battery/diesel dispatch is simulated for PS26061 demonstration
2010-01-08T02:00:00+00:00,Casey,-66.2818,110.5276,2010,1,8,2,-1.923,10.677,16.41,192.0535,62.0755,5.1277,67.2032,0.0,0.0,0.0,124.8503,34.9581,prototype_derived,AADC historical monthly series (1993-2016) + source-calibrated hourly disaggregation,AADC monthly indicators / ERA5-compatible prototype inputs; hourly weather values are derived proxies,Battery/diesel dispatch is simulated for PS26061 demonstration
2010-01-08T03:00:00+00:00,Casey,-66.2818,110.5276,2010,1,8,3,-2.8,9.627,0.0,182.4079,39.9187,0.0,39.9187,0.0,0.0,0.0,142.4892,39.897,prototype_derived,AADC historical monthly series (1993-2016) + source-calibrated hourly disaggregation,AADC monthly indicators / ERA5-compatible prototype inputs; hourly weather values are derived proxies,Battery/diesel dispatch is simulated for PS26061 demonstration
2010-01-08T04:00:00+00:00,Casey,-66.2818,110.5276,2010,1,8,4,-2.124,10.337,76.76,211.2132,54.1696,23.9871,78.1567,0.0,0.0,0.0,133.0565,37.2558,prototype_derived,AADC historical monthly series (1993-2016) + source-calibrated hourly disaggregation,AADC monthly indicators / ERA5-compatible prototype inputs; hourly weather values are derived proxies,Battery/diesel dispatch is simulated for PS26061 demonstration
2010-01-08T05:00:00+00:00,Casey,-66.2818,110.5276,2010,1,8,5,-3.728,8.301,0.0,226.0913,20.4372,0.0,20.4372,0.0,0.0,0.0,205.6541,57.5831,prototype_derived,AADC historical monthly series (1993-2016) + source-calibrated hourly disaggregation,AADC monthly indicators / ERA5-compatible prototype inputs; hourly weather values are derived proxies,Battery/diesel dispatch is simulated for PS26061 demonstration
2010-01-08T06:00:00+00:00,Casey,-66.2818,110.5276,2010,1,8,6,-3.196,8.306,0.88,191.804,20.4928,0.2761,20.7689,0.0,0.0,0.0,171.0351,47.8898,prototype_derived,AADC historical monthly series (1993-2016) + source-calibrated hourly disaggregation,AADC monthly indicators / ERA5-compatible prototype inputs; hourly weather values are derived proxies,Battery/diesel dispatch is simulated for PS26061 demonstration
2010-01-08T07:00:00+00:00,Casey,-66.2818,110.5276,2010,1,8,7,-4.136,10.153,0.0,209.5667,50.1939,0.0,50.1939,0.0,0.0,0.0,159.3728,44.6244,prototype_derived,AADC historical monthly series (1993-2016) + source-calibrated hourly disaggregation,AADC monthly indicators / ERA5-compatible prototype inputs; hourly weather values are derived proxies,Battery/diesel dispatch is simulated for PS26061 demonstration
2010-01-08T08:00:00+00:00,Casey,-66.2818,110.5276,2010,1,8,8,-4.03,10.784,75.01,228.9489,64.7054,23.4396,88.145,0.0,0.0,0.0,140.8039,39.4251,prototype_derived,AADC historical monthly series (1993-2016) + source-calibrated hourly disaggregation,AADC monthly indicators / ERA5-compatible prototype inputs; hourly weather values are derived proxies,Battery/diesel dispatch is simulated for PS26061 demonstration
2010-01-08T09:00:00+00:00,Casey,-66.2818,110.5276,2010,1,8,9,-1.426,7.389,9.65,197.1364,11.5972,3.0142,14.6114,0.0,0.0,0.0,182.525,51.107,prototype_derived,AADC historical monthly series (1993-2016) + source-calibrated hourly disaggregation,AADC monthly indicators / ERA5-compatible prototype inputs; hourly weather values are derived proxies,Battery/diesel dispatch is simulated for PS26061 demonstration
2010-01-08T10:00:00+00:00,Casey,-66.2818,110.5276,2010,1,8,10,-3.164,7.641,9.38,209.1817,13.7103,2.9304,16.6407,0.0,0.0,0.0,192.541,53.9115,prototype_derived,AADC historical monthly series (1993-2016) + source-calibrated hourly disaggregation,AADC monthly indicators / ERA5-compatible prototype inputs; hourly weather values are derived proxies,Battery/diesel dispatch is simulated for PS26061 demonstration
2010-01-08T11:00:00+00:00,Casey,-66.2818,110.5276,2010,1,8,11,-4.251,8.24,0.0,216.5502,19.7383,0.0,19.7383,0.0,0.0,0.0,196.8119,55.1073,prototype_derived,AADC historical monthly series (1993-2016) + source-calibrated hourly disaggregation,AADC monthly indicators / ERA5-compatible prototype inputs; hourly weather values are derived proxies,Battery/diesel dispatch is simulated for PS26061 demonstration
2010-01-08T12:00:00+00:00,Casey,-66.2818,110.5276,2010,1,8,12,-3.029,7.971,95.44,200.8679,16.8452,29.8264,46.6716,0.0,0.0,0.0,154.1963,43.175,prototype_derived,AADC historical monthly series (1993-2016) + source-calibrated hourly disaggregation,AADC monthly indicators / ERA5-compatible prototype inputs; hourly weather values are derived proxies,Battery/diesel dispatch is simulated for PS26061 demonstration
2010-01-08T13:00:00+00:00,Casey,-66.2818,110.5276,2010,1,8,13,-2.986,8.556,0.0,216.7978,23.5292,0.0,23.5292,0.0,0.0,0.0,193.2686,54.1152,prototype_derived,AADC historical monthly series (1993-2016) + source-calibrated hourly disaggregation,AADC monthly indicators / ERA5-compatible prototype inputs; hourly weather values are derived proxies,Battery/diesel dispatch is simulated for PS26061 demonstration
2010-01-08T14:00:00+00:00,Casey,-66.2818,110.5276,2010,1,8,14,-2.262,7.881,11.77,192.6436,15.9553,3.6788,19.6341,0.0,0.0,0.0,173.0095,48.4427,prototype_derived,AADC historical monthly series (1993-2016) + source-calibrated hourly disaggregation,AADC monthly indicators / ERA5-compatible prototype inputs; hourly weather values are derived proxies,Battery/diesel dispatch is simulated for PS26061 demonstration
2010-01-08T15:00:00+00:00,Casey,-66.2818,110.5276,2010,1,8,15,-1.939,6.536,0.0,246.4905,6.0645,0.0,6.0645,0.0,0.0,0.0,240.426,67.3193,prototype_derived,AADC historical monthly series (1993-2016) + source-calibrated hourly disaggregation,AADC monthly indicators / ERA5-compatible prototype inputs; hourly weather values are derived proxies,Battery/diesel dispatch is simulated for PS26061 demonstration
2010-01-08T16:00:00+00:00,Casey,-66.2818,110.5276,2010,1,8,16,-2.937,5.527,81.58,189.9814,2.2143,25.4937,27.708,0.0,0.0,0.0,162.2734,45.4366,prototype_derived,AADC historical monthly series (1993-2016) + source-calibrated hourly disaggregation,AADC monthly indicators / ERA5-compatible prototype inputs; hourly weather values are derived proxies,Battery/diesel dispatch is simulated for PS26061 demonstration
2010-01-08T17:00:00+00:00,Casey,-66.2818,110.5276,2010,1,8,17,-1.17,7.183,0.69,206.2915,10.0383,0.2156,10.2539,0.0,0.0,0.0,196.0376,54.8905,prototype_derived,AADC historical monthly series (1993-2016) + source-calibrated hourly disaggregation,AADC monthly indicators / ERA5-compatible prototype inputs; hourly weather values are derived proxies,Battery/diesel dispatch is simulated for PS26061 demonstration
2010-01-08T18:00:00+00:00,Casey,-66.2818,110.5276,2010,1,8,18,-0.38,6.822,0.0,184.6577,7.6562,0.0,7.6562,0.0,0.0,0.0,177.0015,49.5604,prototype_derived,AADC historical monthly series (1993-2016) + source-calibrated hourly disaggregation,AADC monthly indicators / ERA5-compatible prototype inputs; hourly weather values are derived proxies,Battery/diesel dispatch is simulated for PS26061 demonstration
2010-01-08T19:00:00+00:00,Casey,-66.2818,110.5276,2010,1,8,19,-1.925,5.523,3.8,219.4787,2.2019,1.1884,3.3903,0.0,0.0,0.0,216.0884,60.5048,prototype_derived,AADC historical monthly series (1993-2016) + source-calibrated hourly disaggregation,AADC monthly indicators / ERA5-compatible prototype inputs; hourly weather values are derived proxies,Battery/diesel dispatch is simulated for PS26061 demonstration
2010-01-08T20:00:00+00:00,Casey,-66.2818,110.5276,2010,1,8,20,-0.907,7.132,70.58,234.6583,9.6741,22.0564,31.7305,0.0,0.0,0.0,202.9278,56.8198,prototype_derived,AADC historical monthly series (1993-2016) + source-calibrated hourly disaggregation,AADC monthly indicators / ERA5-compatible prototype inputs; hourly weather values are derived proxies,Battery/diesel dispatch is simulated for PS26061 demonstration
2010-01-08T21:00:00+00:00,Casey,-66.2818,110.5276,2010,1,8,21,0.652,8.071,23.72,187.1042,17.8852,7.4129,25.2981,0.0,0.0,0.0,161.8061,45.3057,prototype_derived,AADC historical monthly series (1993-2016) + source-calibrated hourly disaggregation,AADC monthly indicators / ERA5-compatible prototype inputs; hourly weather values are derived proxies,Battery/diesel dispatch is simulated for PS26061 demonstration
2010-01-08T22:00:00+00:00,Casey,-66.2818,110.5276,2010,1,8,22,-0.274,8.7,0.0,209.1192,25.4045,0.0,25.4045,0.0,0.0,0.0,183.7147,51.4401,prototype_derived,AADC historical monthly series (1993-2016) + source-calibrated hourly disaggregation,AADC monthly indicators / ERA5-compatible prototype inputs; hourly weather values are derived proxies,Battery/diesel dispatch is simulated for PS26061 demonstration
2010-01-08T23:00:00+00:00,Casey,-66.2818,110.5276,2010,1,8,23,-0.919,9.73,7.91,234.1673,41.8222,2.4714,44.2936,0.0,0.0,0.0,189.8737,53.1646,prototype_derived,AADC historical monthly series (1993-2016) + source-calibrated hourly disaggregation,AADC monthly indicators / ERA5-compatible prototype inputs; hourly weather values are derived proxies,Battery/diesel dispatch is simulated for PS26061 demonstration
2010-01-09T00:00:00+00:00,Casey,-66.2818,110.5276,2010,1,9,0,-2.199,8.776,102.44,186.774,26.4321,32.0112,58.4433,0.0,0.0,0.0,128.3307,35.9326,prototype_derived,AADC historical monthly series (1993-2016) + source-calibrated hourly disaggregation,AADC monthly indicators / ERA5-compatible prototype inputs; hourly weather values are derived proxies,Battery/diesel dispatch is simulated for PS26061 demonstration
2010-01-09T01:00:00+00:00,Casey,-66.2818,110.5276,2010,1,9,1,-1.841,9.288,33.5,211.5951,34.0984,10.4703,44.5687,0.0,0.0,0.0,167.0264,46.7674,prototype_derived,AADC historical monthly series (1993-2016) + source-calibrated hourly disaggregation,AADC monthly indicators / ERA5-compatible prototype inputs; hourly weather values are derived proxies,Battery/diesel dispatch is simulated for PS26061 demonstration
2010-01-09T02:00:00+00:00,Casey,-66.2818,110.5276,2010,1,9,2,-1.393,10.157,13.2,186.0985,50.2816,4.1235,54.4051,0.0,0.0,0.0,131.6934,36.8742,prototype_derived,AADC historical monthly series (1993-2016) + source-calibrated hourly disaggregation,AADC monthly indicators / ERA5-compatible prototype inputs; hourly weather values are derived proxies,Battery/diesel dispatch is simulated for PS26061 demonstration
2010-01-09T03:00:00+00:00,Casey,-66.2818,110.5276,2010,1,9,3,-1.055,8.932,12.04,172.4455,28.6383,3.7616,32.3999,0.0,0.0,0.0,140.0456,39.2128,prototype_derived,AADC historical monthly series (1993-2016) + source-calibrated hourly disaggregation,AADC monthly indicators / ERA5-compatible prototype inputs; hourly weather values are derived proxies,Battery/diesel dispatch is simulated for PS26061 demonstration
2010-01-09T04:00:00+00:00,Casey,-66.2818,110.5276,2010,1,9,4,-2.255,7.076,89.72,180.0884,9.286,28.0387,37.3247,0.0,0.0,0.0,142.7637,39.9738,prototype_derived,AADC historical monthly series (1993-2016) + source-calibrated hourly disaggregation,AADC monthly indicators / ERA5-compatible prototype inputs; hourly weather values are derived proxies,Battery/diesel dispatch is simulated for PS26061 demonstration
2010-01-09T05:00:00+00:00,Casey,-66.2818,110.5276,2010,1,9,5,-2.488,7.664,32.14,190.9586,13.9178,10.0436,23.9614,0.0,0.0,0.0,166.9972,46.7592,prototype_derived,AADC historical monthly series (1993-2016) + source-calibrated hourly disaggregation,AADC monthly indicators / ERA5-compatible prototype inputs; hourly weather values are derived proxies,Battery/diesel dispatch is simulated for PS26061 demonstration
2010-01-09T06:00:00+00:00,Casey,-66.2818,110.5276,2010,1,9,6,-3.827,9.442,0.0,182.4746,36.671,0.0,36.671,0.0,0.0,0.0,145.8036,40.825,prototype_derived,AADC historical monthly series (1993-2016) + source-calibrated hourly disaggregation,AADC monthly indicators / ERA5-compatible prototype inputs; hourly weather values are derived proxies,Battery/diesel dispatch is simulated for PS26061 demonstration
2010-01-09T07:00:00+00:00,Casey,-66.2818,110.5276,2010,1,9,7,-4.562,9.072,0.0,191.7744,30.7132,0.0,30.7132,0.0,0.0,0.0,161.0612,45.0971,prototype_derived,AADC historical monthly series (1993-2016) + source-calibrated hourly disaggregation,AADC monthly indicators / ERA5-compatible prototype inputs; hourly weather values are derived proxies,Battery/diesel dispatch is simulated for PS26061 demonstration
