station,year,month,monthly_electricity_kwh_prototype,temperature_c_monthly_proxy,wind_speed_ms_monthly_proxy,status
Casey,2010,1,150000,-2,8.0,source_grounded_prototype_calibration
Casey,2010,2,145000,-4,8.5,source_grounded_prototype_calibration
Casey,2010,3,150000,-7,9.0,source_grounded_prototype_calibration
Casey,2010,4,155000,-12,9.5,source_grounded_prototype_calibration
Casey,2010,5,165000,-15,10.0,source_grounded_prototype_calibration
Casey,2010,6,170000,-18,10.5,source_grounded_prototype_calibration
Casey,2010,7,168000,-17,10.0,source_grounded_prototype_calibration
Casey,2010,8,160000,-15,9.5,source_grounded_prototype_calibration
Casey,2010,9,158000,-10,9.0,source_grounded_prototype_calibration
Casey,2010,10,155000,-6,8.5,source_grounded_prototype_calibration
Casey,2010,11,150000,-2,8.0,source_grounded_prototype_calibration
Casey,2010,12,148000,0,8.0,source_grounded_prototype_calibration
Davis,2010,1,145000,0,7.0,source_grounded_prototype_calibration
Davis,2010,2,140000,-2,7.5,source_grounded_prototype_calibration
Davis,2010,3,142000,-7,8.0,source_grounded_prototype_calibration
Davis,2010,4,150000,-12,8.5,source_grounded_prototype_calibration
Davis,2010,5,158000,-16,9.0,source_grounded_prototype_calibration
Davis,2010,6,165000,-19,9.5,source_grounded_prototype_calibration
Davis,2010,7,162000,-18,9.0,source_grounded_prototype_calibration
Davis,2010,8,155000,-17,8.5,source_grounded_prototype_calibration
Davis,2010,9,150000,-12,8.0,source_grounded_prototype_calibration
Davis,2010,10,148000,-7,7.5,source_grounded_prototype_calibration
Davis,2010,11,145000,-3,7.0,source_grounded_prototype_calibration
Davis,2010,12,142000,-1,7.0,source_grounded_prototype_calibration
Mawson,2010,1,95000,-1,12.0,source_grounded_prototype_calibration
Mawson,2010,2,90000,-4,13.0,source_grounded_prototype_calibration
Mawson,2010,3,88000,-9,14.0,source_grounded_prototype_calibration
Mawson,2010,4,90000,-15,15.0,source_grounded_prototype_calibration
Mawson,2010,5,100000,-20,16.0,source_grounded_prototype_calibration
Mawson,2010,6,110000,-23,17.0,source_grounded_prototype_calibration
Mawson,2010,7,108000,-23,16.5,source_grounded_prototype_calibration
Mawson,2010,8,105000,-21,15.5,source_grounded_prototype_calibration
Mawson,2010,9,100000,-16,15.0,source_grounded_prototype_calibration
Mawson,2010,10,98000,-9,14.0,source_grounded_prototype_calibration
Mawson,2010,11,95000,-4,13.0,source_grounded_prototype_calibration
Mawson,2010,12,92000,-1,12.0,source_grounded_prototype_calibration
Macquarie Island,2010,1,40000,6,10.0,source_grounded_prototype_calibration
Macquarie Island,2010,2,39000,6,10.5,source_grounded_prototype_calibration
Macquarie Island,2010,3,40000,5,10.0,source_grounded_prototype_calibration
Macquarie Island,2010,4,42000,4,9.5,source_grounded_prototype_calibration
Macquarie Island,2010,5,45000,3,9.0,source_grounded_prototype_calibration
Macquarie Island,2010,6,48000,2,9.0,source_grounded_prototype_calibration
Macquarie Island,2010,7,47000,2,9.5,source_grounded_prototype_calibration
Macquarie Island,2010,8,46000,2,10.0,source_grounded_prototype_calibration
Macquarie Island,2010,9,45000,3,10.0,source_grounded_prototype_calibration
Macquarie Island,2010,10,44000,4,10.5,source_grounded_prototype_calibration
Macquarie Island,2010,11,42000,5,10.5,source_grounded_prototype_calibration
Macquarie Island,2010,12,40000,6,10.0,source_grounded_prototype_calibration
